{"accuracy": [0.6486111283302307, 0.8180555701255798, 0.8263888955116272, 0.8888888955116272, 0.9083333611488342, 0.8791666626930237, 0.9013888835906982, 0.9097222089767456, 0.9069444537162781, 0.9013888835906982, 0.9055555462837219, 0.9097222089767456, 0.9319444298744202, 0.9361110925674438, 0.9152777791023254, 0.9111111164093018, 0.9305555820465088, 0.9152777791023254, 0.918055534362793, 0.9458333253860474, 0.9319444298744202, 0.9416666626930237, 0.956944465637207, 0.9458333253860474, 0.9472222328186035, 0.9624999761581421, 0.9583333134651184, 0.9513888955116272, 0.9638888835906982, 0.9611111283302307, 0.9611111283302307, 0.9347222447395325, 0.9624999761581421, 0.9666666388511658, 0.9750000238418579, 0.9611111283302307, 0.949999988079071, 0.9624999761581421, 0.9541666507720947, 0.9624999761581421, 0.9611111283302307, 0.9541666507720947, 0.9624999761581421, 0.9472222328186035, 0.9402777552604675, 0.9472222328186035, 0.9777777791023254, 0.9680555462837219, 0.9652777910232544, 0.9736111164093018, 0.9624999761581421, 0.9708333611488342, 0.9680555462837219, 0.9680555462837219, 0.9722222089767456, 0.9750000238418579, 0.980555534362793, 0.9694444537162781, 0.9611111283302307, 0.9708333611488342], "loss": [2.616699457168579, 0.8707160949707031, 0.6752417087554932, 0.3470722436904907, 0.3105117678642273, 0.376723974943161, 0.2783135175704956, 0.2839144468307495, 0.28288692235946655, 0.3188309669494629, 0.24662519991397858, 0.29731303453445435, 0.20036174356937408, 0.24728094041347504, 0.2902553081512451, 0.34819239377975464, 0.2444879710674286, 0.31916752457618713, 0.27560847997665405, 0.1712413877248764, 0.29518404603004456, 0.2047596573829651, 0.11704080551862717, 0.14733456075191498, 0.16312673687934875, 0.12829461693763733, 0.1240992546081543, 0.14237123727798462, 0.10483430325984955, 0.11714594066143036, 0.11661627888679504, 0.21862933039665222, 0.1170111894607544, 0.10456092655658722, 0.06429996341466904, 0.16613619029521942, 0.14721497893333435, 0.11602683365345001, 0.11594125628471375, 0.09513679891824722, 0.13968271017074585, 0.12705299258232117, 0.14557892084121704, 0.12440284341573715, 0.17576928436756134, 0.16353368759155273, 0.07911910861730576, 0.11955808103084564, 0.12077093869447708, 0.07674788683652878, 0.09860063344240189, 0.06621827930212021, 0.11829540133476257, 0.12288868427276611, 0.08718687295913696, 0.07404601573944092, 0.04911819100379944, 0.08804962038993835, 0.10545515269041061, 0.08335579186677933], "val_accuracy": [0.3333333432674408, 0.3333333432674408, 0.3333333432674408, 0.3333333432674408, 0.3333333432674408, 0.3333333432674408, 0.4055555462837219, 0.4055555462837219, 0.3499999940395355, 0.3333333432674408, 0.43888887763023376, 0.5166666507720947, 0.5055555701255798, 0.6722221970558167, 0.6499999761581421, 0.4722222089767456, 0.6777777671813965, 0.5333333611488342, 0.6722221970558167, 0.6222222447395325, 0.855555534362793, 0.6722221970558167, 0.7444444298744202, 0.7333333492279053, 0.8777777552604675, 0.8611111044883728, 0.894444465637207, 0.8611111044883728, 0.9222221970558167, 0.9333333373069763, 0.9111111164093018, 0.9444444179534912, 0.9388889074325562, 0.9277777671813965, 0.9611111283302307, 0.9277777671813965, 0.9611111283302307, 0.9555555582046509, 0.9833333492279053, 0.9777777791023254, 0.9222221970558167, 0.9611111283302307, 0.9666666388511658, 0.8277778029441833, 0.8722222447395325, 0.5388888716697693, 0.8500000238418579, 0.9333333373069763, 0.949999988079071, 0.9611111283302307, 0.8277778029441833, 0.7333333492279053, 0.9388889074325562, 0.9222221970558167, 0.9444444179534912, 0.9777777791023254, 0.8722222447395325, 0.949999988079071, 0.8888888955116272, 0.8500000238418579], "val_loss": [4.3825836181640625, 10.23632526397705, 13.944927215576172, 13.519909858703613, 17.13152313232422, 10.281983375549316, 9.952969551086426, 9.422479629516602, 11.274194717407227, 11.154685020446777, 7.139366149902344, 5.047565937042236, 3.048678159713745, 1.168906807899475, 2.1237947940826416, 4.70010232925415, 1.5442745685577393, 2.2043068408966064, 0.9540627598762512, 2.284292221069336, 0.5000625848770142, 1.5305283069610596, 0.9521021246910095, 0.8680754899978638, 0.4490731656551361, 0.3128771185874939, 0.26785120368003845, 0.520845890045166, 0.18524500727653503, 0.21205511689186096, 0.33817702531814575, 0.2843198776245117, 0.20874318480491638, 0.18907034397125244, 0.09104251861572266, 0.2617758512496948, 0.11586635559797287, 0.14654725790023804, 0.07333694398403168, 0.06991811096668243, 0.40687569975852966, 0.11461622267961502, 0.09366758167743683, 0.5180301666259766, 0.44060826301574707, 2.345233678817749, 0.395963191986084, 0.23287782073020935, 0.09696102142333984, 0.23108024895191193, 0.802858293056488, 1.4147064685821533, 0.13505595922470093, 0.4990840554237366, 0.22395814955234528, 0.06263567507266998, 0.5567411780357361, 0.14244018495082855, 0.47190654277801514, 0.4586500823497772]}